{"pitch": [-2.8553246092665927, 11.629909502027298, 165.36006834738203, 58.90223705486274], "energy": [-1.265755534172058, 10.906615257263184, 41.04709189099539, 33.424582234104754]}