{"pitch": [-2.839062708708921, 11.02285081104252, 215.82804756096914, 53.59808592337842], "energy": [-1.6206656694412231, 6.771656513214111, 59.412040719784414, 36.624513319070736]}